{"2e5eecc6fc242e27fcd7f3859b546218":"translations\/es.php","5de07093d370633cbabac45b8418c9b3":"colors\/index.php","6d71a6c8656f777aa3bd99d4a3857d1b":"saleslayerimport-delete.php","64a18a561024e15e7e997f11ae204145":"views\/css\/slyrimport.css","df6ffff30aa543af0e49ccc04efa4aca":"views\/css\/tab.css","09c6caeeac0a3d2fe67167fcf2b95789":"views\/img\/anagrama.svg","aeb779ad82063ec4790aab0564d1c07d":"views\/img\/icon_prdc.png","6e0bcd67a3eaca62f5d7999a2840eb83":"logo.png","5a8d8642f437a2defb1e4119099fb0f8":"views\/img\/iconm_prdc.png","e83e7d99f012256bbb5ff08c5ce140c4":"views\/img\/iconm_slyr.png","629d3270f77ea52c122da22243e4dfc6":"views\/img\/loading-icon.svg","4174bfd4e9dfedd0a77bec8216e13b26":"views\/img\/logob_prdc.png","9d15d668caecf540ca2dcab3e1e27111":"views\/img\/logob_slyr.png","89a3352e8a1be9aeebde8e962e4cc6ee":"views\/templates\/admin\/authenticated.tpl","8cdd8dd2ed4913ad8e7bc2c64b31012c":"views\/templates\/admin\/config.tpl","f852db6557ec9fc711c467bb10afb18c":"views\/templates\/admin\/howtouse.tpl","1854acee03c6887b3ff59ff74371beb4":"views\/templates\/admin\/index.tpl","3a1f15f201f39bc4cd88bd9a08202207":"views\/templates\/admin\/showdebug.tpl","5ad5c1f7134c3d1977bd3eac68327a51":"upgrade\/upgrade-1.4.1.php","807ab27fb1f4ba621100d9e935918616":"upgrade\/upgrade-1.4.16.php","5bc78ac61d1613b3436bb74f81d98a5a":"upgrade\/upgrade-1.4.20.php","862140e3eb56578ed49d9e5e1c6c14a3":"upgrade\/upgrade-1.4.7.php","17bdfe1be14116e40c2cf7a1fec6e13d":"controllers\/admin\/AddConnectorsController.php","7cf9902fb59d3a474795d38279d9b6fd":"controllers\/admin\/AdminDiagtoolsController.php","4832777c325fcfdcbfce366add5de1c5":"controllers\/admin\/AllConnectorsController.php","84bd30e0c72bcaa691cd173480ec9f76":"controllers\/admin\/HowToUseController.php","826f49b188a86e38749d377a4c6a58e7":"controllers\/admin\/SalesLayer-Conn.php","920912069c2e0e309d57435af035f95e":"controllers\/admin\/SalesLayer-Updater.php","9550157b2b7372a3542f3e070b291b9a":"controllers\/admin\/SalesLayerPimUpdate.php","42d799bea0e01fff72f62383e994149b":"controllers\/admin\/SlCatalogues.php","be9353c724661a55aa305366fb1305c7":"controllers\/admin\/SlImagePreloader.php","7179045dbf94e752ad59663e1ac593ed":"controllers\/admin\/SlProductDelete.php","286e1a131d846139948b04cdb967f6a8":"controllers\/admin\/SlProductIndexer.php","cd3956f07beb34bea55927ac68921dff":"controllers\/admin\/SlProducts.php","4aeb1d67e665d20de4902886d14b6c9e":"controllers\/admin\/SlStockUpdater.php","cfaa645591733d4aab071cefcd9d61dc":"controllers\/admin\/SlVariants.php","6d3164461d53fff4b6fb2df3cc9f66b0":"controllers\/admin\/lib\/class.DBPDO.php","27c498c9e60a200ae48153a6747316ae":"controllers\/admin\/lib\/class.MySQL.php","e53246180f226f8604111be7407bc24c":"controllers\/front\/ajax.php","9186188e07e6f3d5ee6053c273ceba93":"controllers\/front\/deletelogs.php","b69b6d9b6adb439de72b680359f924c7":"controllers\/front\/diagtools.php","187bfbb3150e74d45bcb969b81f35d8a":"saleslayerimport-cron.php","14c93c0495eea534acc83f1edef68b49":"saleslayerimport-update-stock.php","a7d8123c7b78ff4ab8f5ec52bd768881":"saleslayerimport-image-preloader.php","54d7b3c4e6516ecd86fd092e6dfa956d":"saleslayerimport-indexer.php","5291b548cd2b2bf1e875a89fe920b5c4":"config\/config.php","8e1d89a8ff2ec449ccc116f9a9d9c211":"colors\/en.txt","c1c997b68958b5824c32253c1f067d43":"colors\/es.txt","85d4f98cab40accebda430952edc7b10":"saleslayerimport-synchronizer.php","f69249fc4f9bccbc56bc7724d405ffd6":"config.xml"}