{"8e1d89a8ff2ec449ccc116f9a9d9c211":"colors\/en.txt","c1c997b68958b5824c32253c1f067d43":"colors\/es.txt","754834199bc7819e048dc4c36d61b550":"views\/templates\/index.php","5291b548cd2b2bf1e875a89fe920b5c4":"config\/config.php","f7ab350ccc262e1003a24ea4012c2eb9":"config.xml","f6022ba0e56ec0d267e9779681d85a4a":"controllers\/admin\/AddConnectorsController.php","8260f0d916b018b399c5490f9dcd365e":"controllers\/admin\/AdminDiagtoolsController.php","5fd2717bb928f23d3bff916f2f5cbcf7":"controllers\/admin\/AllConnectorsController.php","3ea7e9da9122ead9cecad7a54124c2bd":"controllers\/admin\/HowToUseController.php","826f49b188a86e38749d377a4c6a58e7":"controllers\/admin\/SalesLayer-Conn.php","920912069c2e0e309d57435af035f95e":"controllers\/admin\/SalesLayer-Updater.php","1273709ef8bf07a2015ce80cc92dc048":"controllers\/admin\/SalesLayerPimUpdate.php","1633a7297826362c9c268a610e9d7078":"controllers\/admin\/SlCatalogues.php","1296abc779aded7c101dd687a65f662b":"controllers\/admin\/SlProducts.php","42cca3820e40817eb19e1babb97d6f26":"controllers\/admin\/SlVariants.php","2b3aa3932eec07ef031f26df7d9af626":"controllers\/admin\/lib\/class.DBPDO.php","10aa80af684b920eb855ceed327ce73d":"controllers\/admin\/lib\/class.MySQL.php","4be2f236ae0a8cc2f53db85e4f94037c":"controllers\/front\/ajax.php","f723fb4de96cf74ce2f4fae15fe239eb":"controllers\/front\/deletelogs.php","a72f8cbf678f578c3bfe1a36d43a285a":"controllers\/front\/diagtools.php","6e0bcd67a3eaca62f5d7999a2840eb83":"views\/img\/icon_slyr.png","4e441808344459afe6c51d6878ec6bc5":"saleslayerimport-cron.php","2e5eecc6fc242e27fcd7f3859b546218":"translations\/es.php","5ad5c1f7134c3d1977bd3eac68327a51":"upgrade\/upgrade-1.4.1.php","c17c77bbba1b0fdf10a2db64242a3ef4":"upgrade\/upgrade-1.4.16.php","862140e3eb56578ed49d9e5e1c6c14a3":"upgrade\/upgrade-1.4.7.php","64a18a561024e15e7e997f11ae204145":"views\/css\/slyrimport.css","df6ffff30aa543af0e49ccc04efa4aca":"views\/css\/tab.css","09c6caeeac0a3d2fe67167fcf2b95789":"views\/img\/anagrama.svg","aeb779ad82063ec4790aab0564d1c07d":"views\/img\/icon_prdc.png","5a8d8642f437a2defb1e4119099fb0f8":"views\/img\/iconm_prdc.png","e83e7d99f012256bbb5ff08c5ce140c4":"views\/img\/iconm_slyr.png","629d3270f77ea52c122da22243e4dfc6":"views\/img\/loading-icon.svg","4174bfd4e9dfedd0a77bec8216e13b26":"views\/img\/logob_prdc.png","9d15d668caecf540ca2dcab3e1e27111":"views\/img\/logob_slyr.png","4d92fec3cd7be596d8a6bc9e3a08d436":"views\/templates\/admin\/authenticated.tpl","8cdd8dd2ed4913ad8e7bc2c64b31012c":"views\/templates\/admin\/config.tpl","e9a0ddcefbebb2adc8c82379870a3ac0":"views\/templates\/admin\/howtouse.tpl","1854acee03c6887b3ff59ff74371beb4":"views\/templates\/admin\/index.tpl","c8c3728523163799f42f8dd706536979":"views\/templates\/admin\/showdebug.tpl"}