{"8e1d89a8ff2ec449ccc116f9a9d9c211":"colors\/en.txt","c1c997b68958b5824c32253c1f067d43":"colors\/es.txt","754834199bc7819e048dc4c36d61b550":"views\/templates\/index.php","5291b548cd2b2bf1e875a89fe920b5c4":"config\/config.php","8c65ccc3e8d745ada307167519dba964":"config.xml","b6b6d8c05d97d095be894cf3c77a05fe":"controllers\/admin\/AddConnectorsController.php","5744e642d01ed09229e050273c3bf696":"controllers\/admin\/AdminDiagtoolsController.php","0c1ecda2a41b73f4832ba7ba8106193b":"controllers\/admin\/AllConnectorsController.php","3ea7e9da9122ead9cecad7a54124c2bd":"controllers\/admin\/HowToUseController.php","826f49b188a86e38749d377a4c6a58e7":"controllers\/admin\/SalesLayer-Conn.php","920912069c2e0e309d57435af035f95e":"controllers\/admin\/SalesLayer-Updater.php","901bed1fd6ec3b000665ea0fc519308a":"controllers\/admin\/SalesLayerPimUpdate.php","52859d90272e95e4e47c986eccb187c9":"controllers\/admin\/SlCatalogues.php","1d6cd7192a5f59f7f74af1bcf87b096c":"controllers\/admin\/SlProductDelete.php","cf5301b8dc8b6a5184abc6f6c6955bda":"controllers\/admin\/SlProductIndexer.php","5313f87f69bec3e74870fdce7c48822b":"controllers\/admin\/SlProducts.php","9a5c6005046ec726c0318a3d3e45a5a5":"controllers\/admin\/SlVariants.php","2b3aa3932eec07ef031f26df7d9af626":"controllers\/admin\/lib\/class.DBPDO.php","10aa80af684b920eb855ceed327ce73d":"controllers\/admin\/lib\/class.MySQL.php","016512e5de2fea48b81b56b1eb0718dd":"controllers\/front\/ajax.php","9186188e07e6f3d5ee6053c273ceba93":"controllers\/front\/deletelogs.php","a41868104b00fa93a8c828d5a6f8a7e4":"controllers\/front\/diagtools.php","6e0bcd67a3eaca62f5d7999a2840eb83":"views\/img\/icon_slyr.png","c98175de827f43b5382fd643afbdc2e4":"saleslayerimport-cron.php","b6d9b5bc909f3293c3c68c838102b2e8":"saleslayerimport-indexer.php","2e5eecc6fc242e27fcd7f3859b546218":"translations\/es.php","5ad5c1f7134c3d1977bd3eac68327a51":"upgrade\/upgrade-1.4.1.php","807ab27fb1f4ba621100d9e935918616":"upgrade\/upgrade-1.4.16.php","5bc78ac61d1613b3436bb74f81d98a5a":"upgrade\/upgrade-1.4.20.php","862140e3eb56578ed49d9e5e1c6c14a3":"upgrade\/upgrade-1.4.7.php","64a18a561024e15e7e997f11ae204145":"views\/css\/slyrimport.css","df6ffff30aa543af0e49ccc04efa4aca":"views\/css\/tab.css","09c6caeeac0a3d2fe67167fcf2b95789":"views\/img\/anagrama.svg","aeb779ad82063ec4790aab0564d1c07d":"views\/img\/icon_prdc.png","5a8d8642f437a2defb1e4119099fb0f8":"views\/img\/iconm_prdc.png","e83e7d99f012256bbb5ff08c5ce140c4":"views\/img\/iconm_slyr.png","629d3270f77ea52c122da22243e4dfc6":"views\/img\/loading-icon.svg","4174bfd4e9dfedd0a77bec8216e13b26":"views\/img\/logob_prdc.png","9d15d668caecf540ca2dcab3e1e27111":"views\/img\/logob_slyr.png","077e496091c9c09fed5004b9b5bcd849":"views\/templates\/admin\/authenticated.tpl","8cdd8dd2ed4913ad8e7bc2c64b31012c":"views\/templates\/admin\/config.tpl","112fee6929eb1d9c0c33944edb0b88b3":"views\/templates\/admin\/howtouse.tpl","1854acee03c6887b3ff59ff74371beb4":"views\/templates\/admin\/index.tpl","dfcfc74b06eeac16b76e44ec78d50c28":"views\/templates\/admin\/showdebug.tpl"}