{"2e5eecc6fc242e27fcd7f3859b546218":"translations\/es.php","5de07093d370633cbabac45b8418c9b3":"colors\/index.php","68ba69ec68b38dd476f795432ad113b2":"saleslayerimport-delete.php","64a18a561024e15e7e997f11ae204145":"views\/css\/slyrimport.css","df6ffff30aa543af0e49ccc04efa4aca":"views\/css\/tab.css","09c6caeeac0a3d2fe67167fcf2b95789":"views\/img\/anagrama.svg","aeb779ad82063ec4790aab0564d1c07d":"views\/img\/icon_prdc.png","6e0bcd67a3eaca62f5d7999a2840eb83":"logo.png","5a8d8642f437a2defb1e4119099fb0f8":"views\/img\/iconm_prdc.png","e83e7d99f012256bbb5ff08c5ce140c4":"views\/img\/iconm_slyr.png","629d3270f77ea52c122da22243e4dfc6":"views\/img\/loading-icon.svg","4174bfd4e9dfedd0a77bec8216e13b26":"views\/img\/logob_prdc.png","9d15d668caecf540ca2dcab3e1e27111":"views\/img\/logob_slyr.png","97542b5a285d8cb309301ee9838a548a":"views\/templates\/admin\/authenticated.tpl","8cdd8dd2ed4913ad8e7bc2c64b31012c":"views\/templates\/admin\/config.tpl","271e68364fd233cac8f57b3f5862b281":"views\/templates\/admin\/howtouse.tpl","1854acee03c6887b3ff59ff74371beb4":"views\/templates\/admin\/index.tpl","3a1f15f201f39bc4cd88bd9a08202207":"views\/templates\/admin\/showdebug.tpl","5ad5c1f7134c3d1977bd3eac68327a51":"upgrade\/upgrade-1.4.1.php","807ab27fb1f4ba621100d9e935918616":"upgrade\/upgrade-1.4.16.php","5bc78ac61d1613b3436bb74f81d98a5a":"upgrade\/upgrade-1.4.20.php","862140e3eb56578ed49d9e5e1c6c14a3":"upgrade\/upgrade-1.4.7.php","61061587f004b45d443ec9bb3e8b5570":"upgrade\/upgrade-1.5.2.php","b5e10721a0e9b344bfd272ef5133b2e9":"upgrade\/upgrade-1.5.3.php","d1fb26fb147c38a251abfb578465d555":"controllers\/admin\/AddConnectorsController.php","ae5b9ab33ecfbe8649c021226d234b78":"controllers\/admin\/AdminDiagtoolsController.php","1bd6242f9ce7910ca98890b1e3eb2e02":"controllers\/admin\/AllConnectorsController.php","9db257a3afd3e91779fdf7b2c339b15b":"controllers\/admin\/HowToUseController.php","826f49b188a86e38749d377a4c6a58e7":"controllers\/admin\/SalesLayer-Conn.php","5c31172efbca6136c122182f8dfc4037":"controllers\/admin\/SalesLayer-Updater.php","b210fe5a7995c63f9b0484dbf12bf564":"controllers\/admin\/SalesLayerPimUpdate.php","eb683cd31fb568c74ae0ecef14c1c7f5":"controllers\/admin\/SlCatalogues.php","be9353c724661a55aa305366fb1305c7":"controllers\/admin\/SlImagePreloader.php","1f6a3477c0b00f8fbe6902bcfdc482b7":"controllers\/admin\/SlProductDelete.php","286e1a131d846139948b04cdb967f6a8":"controllers\/admin\/SlProductIndexer.php","e1ae2b4a093b88427794be2230ad5ebf":"controllers\/admin\/SlProducts.php","4aeb1d67e665d20de4902886d14b6c9e":"controllers\/admin\/SlStockUpdater.php","1198564248619f602904c8b2f73e18cd":"controllers\/admin\/SlVariants.php","6d3164461d53fff4b6fb2df3cc9f66b0":"controllers\/admin\/lib\/class.DBPDO.php","27c498c9e60a200ae48153a6747316ae":"controllers\/admin\/lib\/class.MySQL.php","392bcb8219bd010db4b66138b780e356":"controllers\/front\/ajax.php","7183d513d20b131e45dd8c906b75f52e":"controllers\/front\/deletelogs.php","d0ee79f88c597422f3152327e1009d4a":"controllers\/front\/diagtools.php","ca94abde6d6845e0a74ec06a927a4157":"saleslayerimport-cron.php","11f9555ddb2161fdce44468fb8f5a258":"saleslayerimport-update-stock.php","d86d463859f6cefd8546cfbcd5015955":"saleslayerimport-image-preloader.php","2c825efdc11f48627387c8d4b6653cc1":"saleslayerimport-indexer.php","5291b548cd2b2bf1e875a89fe920b5c4":"config\/config.php","8e1d89a8ff2ec449ccc116f9a9d9c211":"colors\/en.txt","c1c997b68958b5824c32253c1f067d43":"colors\/es.txt","3f2e3748dce3a786dfb05a8a06c881d6":"saleslayerimport-synchronizer.php","7d498adac77f8bd0ad4840559b86266a":"config.xml"}