{
    "8e1d89a8ff2ec449ccc116f9a9d9c211": "colors\/en.txt",
    "c1c997b68958b5824c32253c1f067d43": "colors\/es.txt",
    "a6d3aadca3755201b3427a0eb690bbd1": "config.xml",
    "5291b548cd2b2bf1e875a89fe920b5c4": "config\/config.php",
    "644045e6c9676c892fe62ff6f4e0698f": "controllers\/admin\/AddConnectorsController.php",
    "ae5b9ab33ecfbe8649c021226d234b78": "controllers\/admin\/AdminDiagtoolsController.php",
    "4035131438c14b1e49a5ad5cfb96d70b": "controllers\/admin\/AllConnectorsController.php",
    "9db257a3afd3e91779fdf7b2c339b15b": "controllers\/admin\/HowToUseController.php",
    "148dc5ed9f342b84e2666de5752795dc": "controllers\/admin\/SalesLayer-Conn.php",
    "03102bafde2c0bd384ec086329dcd4ea": "controllers\/admin\/SalesLayerPimUpdate.php",
    "2d0da9ad4abc7f0af3d3adb0a9f35e44": "controllers\/admin\/SlCatalogues.php",
    "be9353c724661a55aa305366fb1305c7": "controllers\/admin\/SlImagePreloader.php",
    "1f6a3477c0b00f8fbe6902bcfdc482b7": "controllers\/admin\/SlProductDelete.php",
    "286e1a131d846139948b04cdb967f6a8": "controllers\/admin\/SlProductIndexer.php",
    "1439dd57d5e3c8bc656ff62ba6bbeb0a": "controllers\/admin\/SlProducts.php",
    "4aeb1d67e665d20de4902886d14b6c9e": "controllers\/admin\/SlStockUpdater.php",
    "37373b0a4c0fb80f181dbd9a24d6e4b7": "controllers\/admin\/SlVariants.php",
    "5de07093d370633cbabac45b8418c9b3": "controllers\/admin\/lib\/index.php",
    "e8e224a380d66f22e7e70eed8701ef5a": "controllers\/front\/ajax.php",
    "7183d513d20b131e45dd8c906b75f52e": "controllers\/front\/deletelogs.php",
    "d0ee79f88c597422f3152327e1009d4a": "controllers\/front\/diagtools.php",
    "0d6fd74ce4cc5715fffcfed7a46cbe34": "controllers\/index.php",
    "6e0bcd67a3eaca62f5d7999a2840eb83": "logo.png",
    "eafb9ce3014e3d7ba4ea82ba946b9ddb": "saleslayerimport-cleaner.php",
    "9e41d785fedfea49a9e2b817d531b075": "saleslayerimport-cron.php",
    "68ba69ec68b38dd476f795432ad113b2": "saleslayerimport-delete.php",
    "216d6a73cd660df1f354138712a0f728": "saleslayerimport-image-preloader.php",
    "3cb54aabf37cd5b288b516751f635cfa": "saleslayerimport-indexer.php",
    "50b50a540a90e53a58d309ffc75ec68a": "saleslayerimport-synchronizer.php",
    "22ac8c42c8f20cd0febc96feb15168e4": "saleslayerimport-update-stock.php",
    "2e5eecc6fc242e27fcd7f3859b546218": "translations\/es.php",
    "8865f5c2cdab5c7d8f4d41200b14a1a2": "upgrade\/upgrade-1.4.1.php",
    "862140e3eb56578ed49d9e5e1c6c14a3": "upgrade\/upgrade-1.4.7.php",
    "807ab27fb1f4ba621100d9e935918616": "upgrade\/upgrade-1.4.16.php",
    "5bc78ac61d1613b3436bb74f81d98a5a": "upgrade\/upgrade-1.4.20.php",
    "61061587f004b45d443ec9bb3e8b5570": "upgrade\/upgrade-1.5.2.php",
    "b5e10721a0e9b344bfd272ef5133b2e9": "upgrade\/upgrade-1.5.3.php",
    "7c12078605980c9f736772755ff57559": "views\/css\/slyrimport.css",
    "df6ffff30aa543af0e49ccc04efa4aca": "views\/css\/tab.css",
    "09c6caeeac0a3d2fe67167fcf2b95789": "views\/img\/anagrama.svg",
    "aeb779ad82063ec4790aab0564d1c07d": "views\/img\/icon_prdc.png",
    "5a8d8642f437a2defb1e4119099fb0f8": "views\/img\/iconm_prdc.png",
    "e83e7d99f012256bbb5ff08c5ce140c4": "views\/img\/iconm_slyr.png",
    "629d3270f77ea52c122da22243e4dfc6": "views\/img\/loading-icon.svg",
    "4174bfd4e9dfedd0a77bec8216e13b26": "views\/img\/logob_prdc.png",
    "9d15d668caecf540ca2dcab3e1e27111": "views\/img\/logob_slyr.png",
    "1a41526cffd95a17276324c541081bf3": "views\/templates\/admin\/authenticated.tpl",
    "8cdd8dd2ed4913ad8e7bc2c64b31012c": "views\/templates\/admin\/config.tpl",
    "271e68364fd233cac8f57b3f5862b281": "views\/templates\/admin\/howtouse.tpl",
    "1854acee03c6887b3ff59ff74371beb4": "views\/templates\/admin\/index.tpl",
    "3a1f15f201f39bc4cd88bd9a08202207": "views\/templates\/admin\/showdebug.tpl"
}