{"2e5eecc6fc242e27fcd7f3859b546218":"translations\/es.php","754834199bc7819e048dc4c36d61b550":"colors\/index.php","6d71a6c8656f777aa3bd99d4a3857d1b":"saleslayerimport-delete.php","64a18a561024e15e7e997f11ae204145":"views\/css\/slyrimport.css","df6ffff30aa543af0e49ccc04efa4aca":"views\/css\/tab.css","09c6caeeac0a3d2fe67167fcf2b95789":"views\/img\/anagrama.svg","aeb779ad82063ec4790aab0564d1c07d":"views\/img\/icon_prdc.png","6e0bcd67a3eaca62f5d7999a2840eb83":"logo.png","5a8d8642f437a2defb1e4119099fb0f8":"views\/img\/iconm_prdc.png","e83e7d99f012256bbb5ff08c5ce140c4":"views\/img\/iconm_slyr.png","629d3270f77ea52c122da22243e4dfc6":"views\/img\/loading-icon.svg","4174bfd4e9dfedd0a77bec8216e13b26":"views\/img\/logob_prdc.png","9d15d668caecf540ca2dcab3e1e27111":"views\/img\/logob_slyr.png","f16ab0703d1a3e64849053e069db1ca1":"views\/templates\/admin\/authenticated.tpl","8cdd8dd2ed4913ad8e7bc2c64b31012c":"views\/templates\/admin\/config.tpl","f852db6557ec9fc711c467bb10afb18c":"views\/templates\/admin\/howtouse.tpl","1854acee03c6887b3ff59ff74371beb4":"views\/templates\/admin\/index.tpl","3a1f15f201f39bc4cd88bd9a08202207":"views\/templates\/admin\/showdebug.tpl","5ad5c1f7134c3d1977bd3eac68327a51":"upgrade\/upgrade-1.4.1.php","807ab27fb1f4ba621100d9e935918616":"upgrade\/upgrade-1.4.16.php","5bc78ac61d1613b3436bb74f81d98a5a":"upgrade\/upgrade-1.4.20.php","862140e3eb56578ed49d9e5e1c6c14a3":"upgrade\/upgrade-1.4.7.php","6a8602abdc06775e0406dc26f195da4a":"controllers\/admin\/AddConnectorsController.php","abbb93d08620ba8106b47279571e70b1":"controllers\/admin\/AdminDiagtoolsController.php","a73e1d04b71128a229666fc4a9b3e634":"controllers\/admin\/AllConnectorsController.php","3ea7e9da9122ead9cecad7a54124c2bd":"controllers\/admin\/HowToUseController.php","826f49b188a86e38749d377a4c6a58e7":"controllers\/admin\/SalesLayer-Conn.php","920912069c2e0e309d57435af035f95e":"controllers\/admin\/SalesLayer-Updater.php","82676e2974367ffd9f0934f261f47532":"controllers\/admin\/SalesLayerPimUpdate.php","dd98ad347b3c1e8890f739435ce9e89c":"controllers\/admin\/SlCatalogues.php","be9353c724661a55aa305366fb1305c7":"controllers\/admin\/SlImagePreloader.php","7179045dbf94e752ad59663e1ac593ed":"controllers\/admin\/SlProductDelete.php","286e1a131d846139948b04cdb967f6a8":"controllers\/admin\/SlProductIndexer.php","23296e7a0c9c1c0ab323c747d31e514c":"controllers\/admin\/SlProducts.php","889e7730b87766cbc4e6eed19cf6dc53":"controllers\/admin\/SlStockUpdater.php","e348c2f3e5b667a01d7e689a445102ed":"controllers\/admin\/SlVariants.php","2b3aa3932eec07ef031f26df7d9af626":"controllers\/admin\/lib\/class.DBPDO.php","10aa80af684b920eb855ceed327ce73d":"controllers\/admin\/lib\/class.MySQL.php","38b917db9545c21895024132b6d21d82":"controllers\/front\/ajax.php","9186188e07e6f3d5ee6053c273ceba93":"controllers\/front\/deletelogs.php","8ecf7b17f2e074e5791d09e3f2634042":"controllers\/front\/diagtools.php","187bfbb3150e74d45bcb969b81f35d8a":"saleslayerimport-cron.php","2e757038b459499b4f909f1c6ab7e4a1":"saleslayerimport-update-stock.php","89fd0737db5cc91a6c60524ea6741bdf":"saleslayerimport-image-preloader.php","54d7b3c4e6516ecd86fd092e6dfa956d":"saleslayerimport-indexer.php","5291b548cd2b2bf1e875a89fe920b5c4":"config\/config.php","8e1d89a8ff2ec449ccc116f9a9d9c211":"colors\/en.txt","c1c997b68958b5824c32253c1f067d43":"colors\/es.txt","1c2d3f82df95f2a11afb5346c6a91a95":"saleslayerimport-synchronizer.php","034c12f4e1131561a4dac0b977183a2c":"config.xml"}